{
  "type": "minecraft:chest",
  "pools": [
    {
      "bonus_rolls": 0.0,
      "entries": [
        {
          "type": "minecraft:item",
          "name": "minecraft:stone_sword",
          "functions": [
            {
              "function": "minecraft:set_count",
              "count": 1.0
            },
            {
              "function": "minecraft:set_name",
              "name": {
                "text": "Ultimate Iron",
                "color": "white",
                "italic": false
              },
              "entity": "this"
            },
            {
              "function":"set_lore",
              "lore":[{
                "text": "Sword Job",
                "color": "gray",
                "italic": false
              }],
              "entity":"this"
            },
            {
              "function": "minecraft:set_nbt",
              "tag": "{HideFlags:127,RepairCost:100000,Unbreakable:1b,CustomModelData:101,atrmagic:1b,atrmagicdata:1b,AttributeModifiers:[{AttributeName:\"generic.attack_damage\",Name:\"generic.attack_damage\",Amount:0,Operation:0,UUID:[I;-946203104,290604478,-1293276245,-577265581],Slot:\"mainhand\"},{AttributeName:\"generic.attack_speed\",Name:\"generic.attack_speed\",Amount:0,Operation:0,UUID:[I;-1830642924,-1157608579,-1366497668,-1664759561],Slot:\"mainhand\"}]}"
            }
          ]
        },
        {
          "type": "minecraft:item",
          "name": "minecraft:stone_sword",
          "weight": 3,
          "functions": [
            {
              "function": "minecraft:set_count",
              "count": 1.0
            },
            {
              "function": "minecraft:set_name",
              "name": {
                "text": "Ultimate Coal",
                "color": "dark_gray",
                "italic": false,
                "bold": true
              },
              "entity": "this"
            },
            {
              "function":"set_lore",
              "lore":[{
                "text": "Miner Job",
                "color": "gray",
                "italic": false
              }],
              "entity":"this"
            },
            {
              "function": "minecraft:set_nbt",
              "tag": "{HideFlags:127,RepairCost:100000,Unbreakable:1b,CustomModelData:102,atrmagic:1b,atrmagicdata:2b,AttributeModifiers:[{AttributeName:\"generic.attack_damage\",Name:\"generic.attack_damage\",Amount:0,Operation:0,UUID:[I;-946203104,290604478,-1293276245,-577265581],Slot:\"mainhand\"},{AttributeName:\"generic.attack_speed\",Name:\"generic.attack_speed\",Amount:0,Operation:0,UUID:[I;-1830642924,-1157608579,-1366497668,-1664759561],Slot:\"mainhand\"}]}"
            }
          ]
        }
      ],
      "rolls": 1.0
    },
    {
      "bonus_rolls": 0.0,
      "entries": [
        {
          "type": "minecraft:item",
          "name": "minecraft:stone_sword",
          "functions": [
            {
              "function": "minecraft:set_count",
              "count": 1.0
            },
            {
              "function": "minecraft:set_name",
              "name": {
                "text": "Ultimate Diamond",
                "color": "aqua",
                "italic": false
              },
              "entity": "this"
            },
            {
              "function":"set_lore",
              "lore":[{
                "text": "Splaer Job",
                "color": "gray",
                "italic": false
              }],
              "entity":"this"
            },
            {
              "function": "minecraft:set_nbt",
              "tag": "{HideFlags:127,RepairCost:100000,Unbreakable:1b,CustomModelData:103,atrmagic:1b,atrmagicdata:3b,AttributeModifiers:[{AttributeName:\"generic.attack_damage\",Name:\"generic.attack_damage\",Amount:0,Operation:0,UUID:[I;-946203104,290604478,-1293276245,-577265581],Slot:\"mainhand\"},{AttributeName:\"generic.attack_speed\",Name:\"generic.attack_speed\",Amount:0,Operation:0,UUID:[I;-1830642924,-1157608579,-1366497668,-1664759561],Slot:\"mainhand\"}]}"
            }
          ]
        },
        {
          "type": "minecraft:item",
          "name": "minecraft:stone_sword",
          "weight": 3,
          "functions": [
            {
              "function": "minecraft:set_count",
              "count": 1.0
            },
            {
              "function": "minecraft:set_name",
              "name": {
                "text": "Ultimate Emerald",
                "color": "dark_green",
                "italic": false
              },
              "entity": "this"
            },
            {
              "function":"set_lore",
              "lore":[{
                "text": "Archer Job",
                "color": "gray",
                "italic": false
              }],
              "entity":"this"
            },
            {
              "function": "minecraft:set_nbt",
              "tag": "{HideFlags:127,RepairCost:100000,Unbreakable:1b,CustomModelData:104,atrmagic:1b,atrmagicdata:4b,AttributeModifiers:[{AttributeName:\"generic.attack_damage\",Name:\"generic.attack_damage\",Amount:0,Operation:0,UUID:[I;-946203104,290604478,-1293276245,-577265581],Slot:\"mainhand\"},{AttributeName:\"generic.attack_speed\",Name:\"generic.attack_speed\",Amount:0,Operation:0,UUID:[I;-1830642924,-1157608579,-1366497668,-1664759561],Slot:\"mainhand\"}]}"
            }
          ]
        }
      ],
      "rolls": 1.0
    },
    {
      "bonus_rolls": 0.0,
      "entries": [
        {
          "type": "minecraft:item",
          "functions": [
            {
              "add": false,
              "count": {
                "type": "minecraft:uniform",
                "max": 2.0,
                "min": 1.0
              },
              "function": "minecraft:set_count"
            }
          ],
          "name": "minecraft:apple",
          "weight": 5
        },
        {
          "type": "minecraft:item",
          "functions": [
            {
              "add": false,
              "count": {
                "type": "minecraft:uniform",
                "max": 2.0,
                "min": 1.0
              },
              "function": "minecraft:set_count"
            }
          ],
          "name": "minecraft:bread",
          "weight": 3
        },
        {
          "type": "minecraft:item",
          "functions": [
            {
              "add": false,
              "count": {
                "type": "minecraft:uniform",
                "max": 2.0,
                "min": 1.0
              },
              "function": "minecraft:set_count"
            }
          ],
          "name": "minecraft:salmon",
          "weight": 3
        }
      ],
      "rolls": 3.0
    },
    {
      "bonus_rolls": 0.0,
      "entries": [
        {
          "type": "minecraft:item",
          "functions": [
            {
              "add": false,
              "count": {
                "type": "minecraft:uniform",
                "max": 12.0,
                "min": 1.0
              },
              "function": "minecraft:set_count"
            }
          ],
          "name": "minecraft:stick",
          "weight": 10
        },
        {
          "type": "minecraft:item",
          "functions": [
            {
              "add": false,
              "count": {
                "type": "minecraft:uniform",
                "max": 12.0,
                "min": 1.0
              },
              "function": "minecraft:set_count"
            }
          ],
          "name": "minecraft:oak_planks",
          "weight": 10
        },
        {
          "type": "minecraft:item",
          "functions": [
            {
              "add": false,
              "count": {
                "type": "minecraft:uniform",
                "max": 3.0,
                "min": 1.0
              },
              "function": "minecraft:set_count"
            }
          ],
          "name": "minecraft:oak_log",
          "weight": 3
        },
        {
          "type": "minecraft:item",
          "functions": [
            {
              "add": false,
              "count": {
                "type": "minecraft:uniform",
                "max": 3.0,
                "min": 1.0
              },
              "function": "minecraft:set_count"
            }
          ],
          "name": "minecraft:spruce_log",
          "weight": 3
        },
        {
          "type": "minecraft:item",
          "functions": [
            {
              "add": false,
              "count": {
                "type": "minecraft:uniform",
                "max": 3.0,
                "min": 1.0
              },
              "function": "minecraft:set_count"
            }
          ],
          "name": "minecraft:birch_log",
          "weight": 3
        },
        {
          "type": "minecraft:item",
          "functions": [
            {
              "add": false,
              "count": {
                "type": "minecraft:uniform",
                "max": 3.0,
                "min": 1.0
              },
              "function": "minecraft:set_count"
            }
          ],
          "name": "minecraft:jungle_log",
          "weight": 3
        },
        {
          "type": "minecraft:item",
          "functions": [
            {
              "add": false,
              "count": {
                "type": "minecraft:uniform",
                "max": 3.0,
                "min": 1.0
              },
              "function": "minecraft:set_count"
            }
          ],
          "name": "minecraft:acacia_log",
          "weight": 3
        },
        {
          "type": "minecraft:item",
          "functions": [
            {
              "add": false,
              "count": {
                "type": "minecraft:uniform",
                "max": 3.0,
                "min": 1.0
              },
              "function": "minecraft:set_count"
            }
          ],
          "name": "minecraft:dark_oak_log",
          "weight": 3
        },
        {
          "type": "minecraft:item",
          "functions": [
            {
              "add": false,
              "count": {
                "type": "minecraft:uniform",
                "max": 3.0,
                "min": 1.0
              },
              "function": "minecraft:set_count"
            }
          ],
          "name": "minecraft:mangrove_log",
          "weight": 3
        }
      ],
      "rolls": 4.0
    }
  ]
}