{
  "display": {
    "icon": {
      "item": "minecraft:iron_pickaxe"
    },
    "title": {
      "text": "採掘者への道",
      "color": "white",
      "bold": false,
      "italic": false,
      "underlined": false,
      "strikethrough": false,
      "obfuscated": false
    },
    "description": {
      "text": "Minecrafterを志す",
      "color": "white",
      "bold": false,
      "italic": false,
      "underlined": false,
      "strikethrough": false,
      "obfuscated": false
    },
    "frame": "challenge",
    "show_toast": true,
    "announce_to_chat": true,
    "hidden": true
  },
  "parent": "atrmagic:start",
  "criteria": {
    "jobget": {
      "trigger": "minecraft:impossible"
    }
  },
  "requirements": [
    [
      "jobget"
    ]
  ]
}
