{
  "type": "minecraft:entity",
  "pools": [
    {
      "bonus_rolls": 0.0,
      "entries": [
        {
          "type": "minecraft:item",
          "functions": [
            {
              "add": false,
              "count": {
                "type": "minecraft:uniform",
                "max": 2.0,
                "min": 0.0
              },
              "function": "minecraft:set_count"
            },
            {
              "count": {
                "type": "minecraft:uniform",
                "max": 1.0,
                "min": 0.0
              },
              "function": "minecraft:looting_enchant"
            }
          ],
          "name": "minecraft:rotten_flesh"
        }
      ],
      "rolls": 1.0
    },
    {
      "bonus_rolls": 0.0,
      "conditions": [
        {
          "condition": "minecraft:killed_by_player"
        },
        {
          "chance": 0.025,
          "condition": "minecraft:random_chance_with_looting",
          "looting_multiplier": 0.01
        }
      ],
      "entries": [
        {
          "type": "minecraft:item",
          "name": "minecraft:carrot"
        },
        {
          "type": "minecraft:item",
          "name": "minecraft:golden_apple",
          "functions": [
            {
              "function": "minecraft:set_count",
              "count": 1.0
            },
            {
              "function": "minecraft:set_name",
              "name": {
                "text": "Job Powder",
                "color": "aqua",
                "italic": false
              },
              "entity": "this"
            },
            {
              "function": "minecraft:set_lore",
              "entity": "killer",
              "lore": [
                [
                  {
                    "text": "Defeated by ",
                    "color": "gray",
                    "italic": false
                  },
                  {
                    "selector": "@s",
                    "color": "gray",
                    "italic": false
                  }
                ]
              ],
              "replace": true
            },
            {
              "function": "minecraft:set_nbt",
              "tag": "{HideFlags:127,RepairCost:100000,Unbreakable:1b,CustomModelData:101,atrmagic:1b,atrmagicmate:1b,AttributeModifiers:[{AttributeName:\"generic.attack_damage\",Name:\"generic.attack_damage\",Amount:0,Operation:0,UUID:[I;-946203104,290604478,-1293276245,-577265581],Slot:\"mainhand\"},{AttributeName:\"generic.attack_speed\",Name:\"generic.attack_speed\",Amount:0,Operation:0,UUID:[I;-1830642924,-1157608579,-1366497668,-1664759561],Slot:\"mainhand\"}]}"
            }
          ]
        },
        {
          "type": "minecraft:item",
          "functions": [
            {
              "conditions": [
                {
                  "condition": "minecraft:entity_properties",
                  "entity": "this",
                  "predicate": {
                    "flags": {
                      "is_on_fire": true
                    }
                  }
                }
              ],
              "function": "minecraft:furnace_smelt"
            }
          ],
          "name": "minecraft:potato"
        }
      ],
      "rolls": 1.0
    }
  ]
}