{
  "display": {
    "icon": {
      "item": "minecraft:golden_apple",
      "nbt": "{CustomModelData:101}"
    },
    "title": {
      "text": "Helloworld",
      "color": "white",
      "bold": false,
      "italic": false,
      "underlined": false,
      "strikethrough": false,
      "obfuscated": false
    },
    "description": {
      "text": "ようこそ、職業の世界へ",
      "color": "white",
      "bold": false,
      "italic": false,
      "underlined": false,
      "strikethrough": false,
      "obfuscated": false
    },
    "background": "minecraft:textures/gui/advancements/backgrounds/stone.png",
    "frame": "task",
    "show_toast": true,
    "announce_to_chat": true,
    "hidden": true
  },
  "criteria": {
    "gamestart": {
      "trigger": "minecraft:impossible"
    }
  },
  "requirements": [
    [
      "gamestart"
    ]
  ]
}