{
  "display": {
    "icon": {
      "item": "minecraft:iron_sword"
    },
    "title": {
      "text": "剣技レベル4",
      "color": "white",
      "bold": false,
      "italic": false,
      "underlined": false,
      "strikethrough": false,
      "obfuscated": false
    },
    "description": {
      "text": "スーパーチャクチ！！！",
      "color": "green",
      "bold": false,
      "italic": false,
      "underlined": false,
      "strikethrough": false,
      "obfuscated": false
    },
    "frame": "task",
    "show_toast": true,
    "announce_to_chat": true,
    "hidden": true
  },
  "parent": "atrmagic:sword/swordjoblv3",
  "criteria": {
    "joblvup": {
      "trigger": "minecraft:impossible"
    }
  },
  "requirements": [
    [
      "joblvup"
    ]
  ]
}
