{
  "display": {
    "icon": {
      "item": "minecraft:iron_axe",
      "nbt": "{Damage:0}"
    },
    "title": {
      "text": "get_wood",
      "bold": false,
      "italic": false,
      "underlined": false,
      "strikethrough": false,
      "obfuscated": false
    },
    "description": {
      "text": "axe_wood",
      "color": "green",
      "bold": false,
      "italic": false,
      "underlined": false,
      "strikethrough": false,
      "obfuscated": false
    },
    "frame": "task",
    "show_toast": false,
    "announce_to_chat": false,
    "hidden": false
  },
  "criteria": {
    "get_wood": {
      "trigger": "minecraft:inventory_changed",
      "conditions": {
        "player": [
          {
            "condition": "minecraft:entity_properties",
            "entity": "this",
            "predicate": {
              "type": "minecraft:player",
              "equipment": {
                "mainhand": {
                  "items": [
                    "minecraft:iron_axe",
                    "minecraft:wooden_axe",
                    "minecraft:stone_axe",
                    "minecraft:diamond_axe",
                    "minecraft:netherite_axe",
                    "minecraft:golden_axe"
                  ]
                }
              }
            }
          }
        ],
        "items": [
          {
            "tag": "minecraft:logs"
          }
        ]
      }
    }
  },
  "requirements": [
    [
      "get_wood"
    ]
  ],
  "rewards": {
    "function": "atrmagic:advancements/trigger/wood_get"
  }
}